{"Train_Sample_table": {"_type": "table-file", "path": "media/table/Train_Sample_table_0_5c5e2cc33848937f2488.table.json", "sha256": "5c5e2cc33848937f248809c99c9a9581572e11662c97125f8e6b730355aaa662", "size": 495, "artifact_path": "wandb-client-artifact://ku7fbzwd43sg3mpm40zafpvetvbnryjz230dj6djr6m1q9i51z5yqtnfg4mvv6l3e17zq3cff353fs1p9xuxlphqskr27imbyi8em42e20phxy7uc5p75u72rxo2bhys:latest/Train_Sample_table.table.json", "_latest_artifact_path": "wandb-client-artifact://ku7fbzwd43sg3mpm40zafpvetvbnryjz230dj6djr6m1q9i51z5yqtnfg4mvv6l3e17zq3cff353fs1p9xuxlphqskr27imbyi8em42e20phxy7uc5p75u72rxo2bhys:latest/Train_Sample_table.table.json", "ncols": 2, "nrows": 32}, "_timestamp": 1646293454, "_runtime": 909, "Acc/gender0": 93.52, "Acc/gender1": 96.81, "Acc/total": 95.42, "_step": 1, "Train/loss": 0.0764249050989747, "Train/accuracy": 0.9765625, "Val/loss": 0.1300669319567863, "Val/accuracy": 0.9476661951909476, "_wandb": {"runtime": 910}}