{"Train_Sample_table": {"_type": "table-file", "path": "media/table/Train_Sample_table_6_3a973806859526e2852d.table.json", "sha256": "3a973806859526e2852d19f549e3d29827becb8376f69ca1cbeff8cb92e0a827", "size": 495, "artifact_path": "wandb-client-artifact://lvyc2s6li9ja5f1hxkwgt93iddjob9eb09qyudh4468ibdhyp4o7k6trr6azkrzqsi3vr853qfms329o6jgdd0l4qtgkyn75mc86jub3406g5nod2jhl3ljbuq1b4a0y:latest/Train_Sample_table.table.json", "_latest_artifact_path": "wandb-client-artifact://lvyc2s6li9ja5f1hxkwgt93iddjob9eb09qyudh4468ibdhyp4o7k6trr6azkrzqsi3vr853qfms329o6jgdd0l4qtgkyn75mc86jub3406g5nod2jhl3ljbuq1b4a0y:latest/Train_Sample_table.table.json", "ncols": 2, "nrows": 32}, "_timestamp": 1646297315, "_runtime": 3610, "Acc/gender0": 97.91, "Acc/gender1": 96.99, "Acc/total": 97.57, "_step": 7, "Train/loss": 0.01901100262766704, "Train/accuracy": 0.9890625, "Val/loss": 0.08357368819997646, "Val/accuracy": 0.9702970297029703}